{"cameraMode":{"drawMode":0,"name":"Shaded","section":"Shading Mode"},"sceneLighting":true,"audioPlay":false,"sceneViewState":{"showFog":true,"showMaterialUpdate":false,"showSkybox":true,"showFlares":true,"showImageEffects":true,"showParticleSystems":true,"showVisualEffectGraphs":true,"m_FxEnabled":true},"in2DMode":false,"pivot":{"x":248.1341094970703,"y":228.1644287109375,"z":-594.9264526367188},"rotation":{"x":0.20725178718566895,"y":0.019068928435444833,"z":-0.004034177400171757,"w":0.9780693650245667},"size":12.12435531616211,"orthographic":false}