{"cameraMode":{"drawMode":0,"name":"Shaded","section":"Shading Mode"},"sceneLighting":true,"audioPlay":false,"sceneViewState":{"showFog":true,"showMaterialUpdate":false,"showSkybox":true,"showFlares":true,"showImageEffects":true,"showParticleSystems":true,"showVisualEffectGraphs":true,"m_FxEnabled":true},"in2DMode":false,"pivot":{"x":6.345192909240723,"y":17.23712158203125,"z":13.42153549194336},"rotation":{"x":0.030273865908384324,"y":0.051275260746479037,"z":-0.0013894266448915005,"w":0.9982115030288696},"size":12.12435531616211,"orthographic":false}