{"cameraMode":{"drawMode":0,"name":"Shaded","section":"Shading Mode"},"sceneLighting":true,"audioPlay":false,"sceneViewState":{"showFog":true,"showMaterialUpdate":false,"showSkybox":true,"showFlares":true,"showImageEffects":true,"showParticleSystems":true,"showVisualEffectGraphs":true,"m_FxEnabled":true},"in2DMode":false,"pivot":{"x":-2.3038289546966554,"y":15.468156814575196,"z":18.05463218688965},"rotation":{"x":0.028758788481354715,"y":-0.05245351791381836,"z":0.0016344509785994888,"w":0.9981815218925476},"size":12.12435531616211,"orthographic":false}