{"cameraMode":{"drawMode":0,"name":"Shaded","section":"Shading Mode"},"sceneLighting":true,"audioPlay":false,"sceneViewState":{"showFog":true,"showMaterialUpdate":false,"showSkybox":true,"showFlares":true,"showImageEffects":true,"showParticleSystems":true,"showVisualEffectGraphs":true,"m_FxEnabled":true},"in2DMode":false,"pivot":{"x":-11.497822761535645,"y":5.916024684906006,"z":158.17591857910157},"rotation":{"x":-0.15621741116046906,"y":-0.4779793918132782,"z":0.08758048713207245,"w":-0.8603270053863525},"size":0.03397476673126221,"orthographic":false}